<?xml version="1.0" encoding="UTF-8"?>
<launch4jConfig>
  <headerType>gui</headerType>
  <dontWrapJar>true</dontWrapJar>
  <downloadUrl>http://java.com/download</downloadUrl>
  <outfile>C:\Users\hatim\Documents\gitHubPages\decodingNature\box2dStuff\application.windows32\box2dStuff.exe</outfile>
  <icon>C:\Program Files\processing-3.5.3-windows64\processing-3.5.3\modes\java\application\sketch.ico</icon>
  <classPath>
    <mainClass>box2dStuff</mainClass>
    <cp>lib/box2dStuff.jar</cp>
    <cp>lib/core.jar</cp>
    <cp>lib/jogl-all.jar</cp>
    <cp>lib/gluegen-rt.jar</cp>
    <cp>lib/jogl-all-natives-windows-i586.jar</cp>
    <cp>lib/gluegen-rt-natives-windows-i586.jar</cp>
    <cp>lib/box2d_processing.jar</cp>
    <cp>lib/jbox2d-library-2.2.1-ds.jar</cp>
  </classPath>
  <jre>
    <minVersion>1.8.0_74</minVersion>
    <opt>-Djna.nosys=true</opt>
    <opt>-Djava.library.path="%EXEDIR%\lib"</opt>
  </jre>
</launch4jConfig>
