<?xml version="1.0" encoding="UTF-8"?>
<launch4jConfig>
  <headerType>gui</headerType>
  <dontWrapJar>true</dontWrapJar>
  <downloadUrl>http://java.com/download</downloadUrl>
  <outfile>C:\Users\hatim\Documents\introToIM\kirbInvader\application.windows32\kirbInvader.exe</outfile>
  <icon>C:\Program Files\processing-3.5.3-windows64\processing-3.5.3\modes\java\application\sketch.ico</icon>
  <classPath>
    <mainClass>kirbInvader</mainClass>
    <cp>lib/kirbInvader.jar</cp>
    <cp>lib/core.jar</cp>
    <cp>lib/jogl-all.jar</cp>
    <cp>lib/gluegen-rt.jar</cp>
    <cp>lib/jogl-all-natives-windows-i586.jar</cp>
    <cp>lib/gluegen-rt-natives-windows-i586.jar</cp>
    <cp>lib/apiviz-1.3.1.GA.jar</cp>
    <cp>lib/args4j-2.0.8.jar</cp>
    <cp>lib/doapamine.jar</cp>
    <cp>lib/toxiclibs.jar</cp>
    <cp>lib/umlgraph5.2.jar</cp>
    <cp>lib/sound.jar</cp>
    <cp>lib/CountdownTimer.jar</cp>
    <cp>lib/Sprites.jar</cp>
  </classPath>
  <jre>
    <minVersion>1.8.0_74</minVersion>
    <opt>-Djna.nosys=true</opt>
    <opt>-Djava.library.path="%EXEDIR%\lib"</opt>
  </jre>
</launch4jConfig>
